country,ISO Country code,government effectiveness
Afghanistan,AFG,-1.3
Albania,ALB,0.1
Algeria,DZA,-0.6
Andorra,AND,1.9
Angola,AGO,-1.0
Antigua & Barbuda,ATG,0.0
Argentina,ARG,0.2
Armenia,ARM,-0.1
Australia,AUS,1.5
Austria,AUT,1.5
Azerbaijan,AZE,-0.2
Bahamas,BHS,0.6
Bahrain,BHR,0.2
Bangladesh,BGD,-0.7
Barbados,BRB,0.8
Belarus,BLR,-0.4
Belgium,BEL,1.2
Belize,BLZ,-0.6
Benin,BEN,-0.6
Bhutan,BTN,0.6
Bolivia,BOL,-0.4
Bosnia and Herzegovina,BIH,-0.5
Botswana,BWA,0.4
Brazil,BRA,-0.3
Brunei,BRN,1.1
Bulgaria,BGR,0.3
Burkina Faso,BFA,-0.6
Burundi,BDI,-1.3
Cabo Verde,CPV,0.2
Cambodia,KHM,-0.7
Cameroon,CMR,-0.8
Canada,CAN,1.9
Central African Republic,CAF,-1.8
Chad,TCD,-1.5
Chile,CHL,0.9
China,CHN,0.4
Colombia,COL,-0.1
Comoros,COM,-1.6
Congo (Dem. Rep.),COD,-1.6
Congo (Rep.),COG,-1.2
Costa Rica,CRI,0.3
Cote d'Ivoire,CIV,-0.7
Croatia,HRV,0.6
Cuba,CUB,-0.2
Cyprus,CYP,0.9
Czech Republic,CZE,1.0
Denmark,DNK,1.8
Djibouti,DJI,-1.0
Dominica,DMA,-0.3
Dominican Republic,DOM,-0.4
Ecuador,ECU,-0.3
Egypt,EGY,-0.6
El Salvador,SLV,-0.4
Equatorial Guinea,GNQ,-1.4
Eritrea,ERI,-1.7
Estonia,EST,1.1
Eswatini,SWZ,-0.6
Ethiopia,ETH,-0.7
Fiji,FJI,0.1
Finland,FIN,1.9
France,FRA,1.4
Gabon,GAB,-0.9
"Gambia, The",GMB,-
Georgia,GEO,0.6
Germany,DEU,1.7
Ghana,GHA,-0.1
Greece,GRC,0.3
Grenada,GRD,-0.2
Guatemala,GTM,-0.6
Guinea,GIN,-1.0
Guinea-Bissau,GNB,-1.8
Guyana,GUY,-0.3
Haiti,HTI,-2.1
Honduras,HND,-0.5
Hungary,HUN,0.5
Iceland,ISL,1.5
India,IND,0.1
Indonesia,IDN,0.0
Iran,IRN,-0.2
Iraq,IRQ,-1.3
Ireland,IRL,1.3
Israel,ISR,1.4
Italy,ITA,0.5
Jamaica,JAM,0.5
Japan,JPN,1.6
Jordan,JOR,0.1
Kazakhstan,KAZ,0.0
Kenya,KEN,-0.3
Kiribati,KIR,-0.3
Korea (Dem. Peopleâ€™s Rep.),PRK,-1.7
Korea (Rep.),KOR,1.1
Kosovo,-,-0.4
Kuwait,KWT,-0.2
Kyrgyzstan,KGZ,-0.7
Laos,LAO,-0.4
Latvia,LVA,0.9
Lebanon,LBN,-0.5
Lesotho,LSO,-0.9
Liberia,LBR,-1.4
Libya,LBY,-1.8
Liechtenstein,LIE,1.8
Lithuania,LTU,1.0
Luxembourg,LUX,1.7
Macedonia,MKD,0.1
Madagascar,MDG,-1.1
Malawi,MWI,-0.7
Malaysia,MYS,0.8
Maldives,MDV,-0.5
Mali,MLI,-0.9
Malta,MLT,1.0
Marshall Islands,MHL,-1.6
Mauritania,MRT,-0.7
Mauritius,MUS,0.9
Mexico,MEX,0.0
Micronesia,FSM,0.1
Moldova,MDA,-0.5
Monaco,MCO,-
Mongolia,MNG,-0.3
Montenegro,MNE,0.2
Morocco,MAR,-0.2
Mozambique,MOZ,-0.9
Myanmar,MMR,-1.1
Namibia,NAM,0.2
Nauru,NRU,-0.4
Nepal,NPL,-0.9
Netherlands,NLD,1.9
New Zealand,NZL,1.8
Nicaragua,NIC,-0.6
Niger,NER,-0.7
Nigeria,NGA,-1.0
Norway,NOR,2.0
Oman,OMN,0.2
Pakistan,PAK,-0.6
Palau,PLW,-0.2
Panama,PAN,0.0
Papua New Guinea,PNG,-0.7
Paraguay,PRY,-0.8
Peru,PER,-0.1
Philippines,PHL,-0.1
Poland,POL,0.6
Portugal,PRT,1.3
Qatar,QAT,0.7
Romania,ROU,-0.2
Russia,RUS,-0.1
Rwanda,RWA,0.3
Saint Kitts and Nevis,KNA,0.6
Saint Lucia,LCA,0.3
Saint Vincent and the Grenadines,VCT,0.3
Samoa,WSM,0.6
San Marino,SMR,-
Sao Tome and Principe,STP,-0.8
Saudi Arabia,SAU,0.3
Senegal,SEN,-0.3
Serbia,SRB,0.2
Seychelles,SYC,0.4
Sierra Leone,SLE,-1.2
Singapore,SGP,2.2
Slovakia,SVK,0.8
Slovenia,SVN,1.2
Solomon Islands,SLB,-1.0
Somalia,SOM,-2.2
South Africa,ZAF,0.3
South Sudan,SSD,-2.5
Spain,ESP,1.0
Sri Lanka,LKA,-0.2
Sudan,SDN,-1.4
Suriname,SUR,-0.6
Sweden,SWE,1.8
Switzerland,CHE,2.1
Syria,SYR,-1.8
Taiwan,TWN,1.27
Tajikistan,TJK,-1.1
Tanzania,TZA,-0.6
Thailand,THA,0.4
Timor-Leste,TLS,-1.0
Togo,TGO,-1.1
Tonga,TON,-0.2
Trinidad and Tobago,TTO,0.3
Tunisia,TUN,-0.1
Turkey,TUR,0.1
Turkmenistan,TKM,-1.2
Tuvalu,TUV,-0.7
Uganda,UGA,-0.6
Ukraine,UKR,-0.5
United Arab Emirates,ARE,1.4
United Kingdom,GBR,1.4
United States,USA,1.6
Uruguay,URY,0.4
Uzbekistan,UZB,-0.6
Vanuatu,VUT,-0.9
Venezuela,VEN,-1.4
Vietnam,VNM,0.0
Yemen,YEM,-1.9
Zambia,ZMB,-0.6
Zimbabwe,ZWE,-1.2
