country,ISO Country code,world happiness report score
Afghanistan,AFG,2.66
Albania,ALB,4.64
Algeria,DZA,5.25
Andorra,AND,-
Angola,AGO,-
Antigua & Barbuda,ATG,-
Argentina,ARG,6.04
Armenia,ARM,4.29
Australia,AUS,7.26
Austria,AUT,7.29
Azerbaijan,AZE,5.15
Bahamas,BHS,-
Bahrain,BHR,6.23
Bangladesh,BGD,4.31
Barbados,BRB,-
Belarus,BLR,5.55
Belgium,BEL,6.93
Belize,BLZ,-
Benin,BEN,4.85
Bhutan,BTN,-
Bolivia,BOL,5.65
Bosnia and Herzegovina,BIH,5.09
Botswana,BWA,3.50
Brazil,BRA,6.33
Brunei,BRN,-
Bulgaria,BGR,-
Burkina Faso,BFA,4.65
Burundi,BDI,-
Cabo Verde,CPV,-
Cambodia,KHM,4.59
Cameroon,CMR,5.07
Canada,CAN,-
Central African Republic,CAF,3.48
Chad,TCD,4.56
Chile,CHL,6.32
China,CHN,5.10
Colombia,COL,6.16
Comoros,COM,-
Congo (Dem. Rep.),COD,4.31
Congo (Rep.),COG,4.88
Costa Rica,CRI,7.23
Cote d'Ivoire,CIV,5.04
Croatia,HRV,5.34
Cuba,CUB,-
Cyprus,CYP,6.06
Czech Republic,CZE,6.79
Denmark,DNK,7.59
Djibouti,DJI,-
Dominica,DMA,-
Dominican Republic,DOM,5.61
Ecuador,ECU,5.84
Egypt,EGY,3.93
El Salvador,SLV,6.34
Equatorial Guinea,GNQ,-
Eritrea,ERI,-
Estonia,EST,5.94
Eswatini,SWZ,-
Ethiopia,ETH,4.18
Fiji,FJI,-
Finland,FIN,7.79
France,FRA,6.64
Gabon,GAB,4.78
"Gambia, The",GMB,-
Georgia,GEO,4.45
Germany,DEU,7.07
Ghana,GHA,5.48
Greece,GRC,5.15
Grenada,GRD,-
Guatemala,GTM,6.33
Guinea,GIN,4.87
Guinea-Bissau,GNB,-
Guyana,GUY,-
Haiti,HTI,3.82
Honduras,HND,6.02
Hungary,HUN,6.07
Iceland,ISL,7.48
India,IND,4.05
Indonesia,IDN,5.10
Iran,IRN,4.72
Iraq,IRQ,4.46
Ireland,IRL,7.06
Israel,ISR,7.33
Italy,ITA,6.20
Jamaica,JAM,5.89
Japan,JPN,5.91
Jordan,JOR,4.81
Kazakhstan,KAZ,5.88
Kenya,KEN,4.48
Kiribati,KIR,-
Korea (Dem. Peopleâ€™s Rep.),PRK,-
Korea (Rep.),KOR,5.87
Kosovo,-,6.15
Kuwait,KWT,6.09
Kyrgyzstan,KGZ,5.63
Laos,LAO,4.62
Latvia,LVA,6.09
Lebanon,LBN,5.15
Lesotho,LSO,-
Liberia,LBR,4.42
Libya,LBY,5.65
Liechtenstein,LIE,-
Lithuania,LTU,6.27
Luxembourg,LUX,7.06
Macedonia,MKD,5.23
Madagascar,MDG,4.08
Malawi,MWI,3.42
Malaysia,MYS,-
Maldives,MDV,-
Mali,MLI,4.74
Malta,MLT,6.68
Marshall Islands,MHL,-
Mauritania,MRT,4.68
Mauritius,MUS,6.17
Mexico,MEX,6.41
Micronesia,FSM,-
Moldova,MDA,5.33
Monaco,MCO,-
Mongolia,MNG,5.33
Montenegro,MNE,5.61
Morocco,MAR,5.31
Mozambique,MOZ,4.28
Myanmar,MMR,4.15
Namibia,NAM,4.44
Nauru,NRU,-
Nepal,NPL,4.74
Netherlands,NLD,7.46
New Zealand,NZL,7.33
Nicaragua,NIC,6.48
Niger,NER,4.62
Nigeria,NGA,5.32
Norway,NOR,7.58
Oman,OMN,-
Pakistan,PAK,5.83
Palau,PLW,-
Panama,PAN,6.57
Papua New Guinea,PNG,-
Paraguay,PRY,-
Peru,PER,5.71
Philippines,PHL,5.59
Poland,POL,6.20
Portugal,PRT,5.71
Qatar,QAT,-
Romania,ROU,6.09
Russia,RUS,5.58
Rwanda,RWA,-
Saint Kitts and Nevis,KNA,-
Saint Lucia,LCA,-
Saint Vincent and the Grenadines,VCT,-
Samoa,WSM,-
San Marino,SMR,-
Sao Tome and Principe,STP,-
Saudi Arabia,SAU,6.29
Senegal,SEN,4.68
Serbia,SRB,5.12
Seychelles,SYC,-
Sierra Leone,SLE,4.09
Singapore,SGP,6.38
Slovakia,SVK,6.37
Slovenia,SVN,6.17
Solomon Islands,SLB,-
Somalia,SOM,-
South Africa,ZAF,4.51
South Sudan,SSD,2.82
Spain,ESP,6.23
Sri Lanka,LKA,4.33
Sudan,SDN,-
Suriname,SUR,-
Sweden,SWE,7.29
Switzerland,CHE,7.47
Syria,SYR,-
Taiwan,TWN,6.36
Tajikistan,TJK,5.83
Tanzania,TZA,3.35
Thailand,THA,5.94
Timor-Leste,TLS,-
Togo,TGO,4.36
Tonga,TON,-
Trinidad and Tobago,TTO,6.19
Tunisia,TUN,4.12
Turkey,TUR,5.61
Turkmenistan,TKM,5.23
Tuvalu,TUV,-
Uganda,UGA,4.00
Ukraine,UKR,4.31
United Arab Emirates,ARE,7.04
United Kingdom,GBR,7.10
United States,USA,6.99
Uruguay,URY,6.34
Uzbekistan,UZB,6.42
Vanuatu,VUT,-
Venezuela,VEN,-
Vietnam,VNM,5.18
Yemen,YEM,3.25
Zambia,ZMB,3.93
Zimbabwe,ZWE,3.64
